workflow_name,memory_usage_during_execution,elapsed_time_data_retrieval,elapsed_time_processing,elapsed_time_model_training,elapsed_time_model_evaluation,accuracy,f1_score,precision,recall,auc
Pandas,342.49609375,2.3951478004455566,9.387380838394165,58.790992736816406,0.2032771110534668,0.8888888888888888,0.6111111111111112,0.6060606060606061,0.625,0.8402777777777778
Dask,536.4375,10.94890832901001,824.6316425800323,76.40245795249939,0.2642960548400879,0.7619047619047619,0.531328320802005,0.5121212121212121,0.5643939393939394,0.8361742424242425
