workflow_name,memory_usage_during_execution,elapsed_time_data_retrieval,elapsed_time_processing,elapsed_time_model_training,elapsed_time_model_evaluation,accuracy,f1_score,precision,recall,auc
Pandas,348.671875,2.449350357055664,9.47620153427124,67.30619430541992,0.1929330825805664,0.8888888888888888,0.6111111111111112,0.6060606060606061,0.625,0.8425925925925926
Dask,536.65625,10.885824918746948,826.0127329826355,79.62342286109924,0.26889729499816895,0.7619047619047619,0.531328320802005,0.5121212121212121,0.5643939393939394,0.8361742424242425
