workflow_name,memory_usage_during_execution,elapsed_time_data_retrieval,elapsed_time_processing,elapsed_time_model_training,elapsed_time_model_evaluation,accuracy,f1_score,precision,recall,auc
Pandas,352.55859375,2.4289355278015137,9.430817365646362,63.310736656188965,0.1999063491821289,0.8888888888888888,0.6111111111111112,0.6060606060606061,0.625,0.8912037037037037
Dask,526.80859375,11.045510053634644,830.6123456954956,78.76548171043396,0.2515897750854492,0.7619047619047619,0.531328320802005,0.5121212121212121,0.5643939393939394,0.8361742424242425
